-- MySQL Administrator dump 1.4
--
-- ------------------------------------------------------
-- Server version	5.5.3-m3-community


/*!40101 SET @OLD_CHARACTER_SET_CLIENT=@@CHARACTER_SET_CLIENT */;
/*!40101 SET @OLD_CHARACTER_SET_RESULTS=@@CHARACTER_SET_RESULTS */;
/*!40101 SET @OLD_COLLATION_CONNECTION=@@COLLATION_CONNECTION */;
/*!40101 SET NAMES utf8 */;

/*!40014 SET @OLD_UNIQUE_CHECKS=@@UNIQUE_CHECKS, UNIQUE_CHECKS=0 */;
/*!40014 SET @OLD_FOREIGN_KEY_CHECKS=@@FOREIGN_KEY_CHECKS, FOREIGN_KEY_CHECKS=0 */;
/*!40101 SET @OLD_SQL_MODE=@@SQL_MODE, SQL_MODE='NO_AUTO_VALUE_ON_ZERO' */;


--
-- Create schema ground_truthing
--

CREATE DATABASE IF NOT EXISTS ground_truthing;
USE ground_truthing;

--
-- Definition of table `district_master`
--

DROP TABLE IF EXISTS `district_master`;
CREATE TABLE `district_master` (
  `district_id` int(10) unsigned NOT NULL AUTO_INCREMENT,
  `state_id` int(10) unsigned NOT NULL,
  `district_name` varchar(100) NOT NULL,
  PRIMARY KEY (`district_id`),
  KEY `FK_district_master_1` (`state_id`),
  CONSTRAINT `FK_district_master_1` FOREIGN KEY (`state_id`) REFERENCES `state_master` (`state_id`)
) ENGINE=InnoDB AUTO_INCREMENT=641 DEFAULT CHARSET=latin1;

--
-- Dumping data for table `district_master`
--

/*!40000 ALTER TABLE `district_master` DISABLE KEYS */;
INSERT INTO `district_master` (`district_id`,`state_id`,`district_name`) VALUES 
 (1,1,'Kupwara'),
 (2,1,'Badgam'),
 (3,1,'Leh(Ladakh)'),
 (4,1,'Kargil'),
 (5,1,'Punch'),
 (6,1,'Rajouri'),
 (7,1,'Kathua'),
 (8,1,'Baramula'),
 (9,1,'Bandipore'),
 (10,1,'Srinagar'),
 (11,1,'Ganderbal'),
 (12,1,'Pulwama'),
 (13,1,'Shupiyan'),
 (14,1,'Anantnag'),
 (15,1,'Kulgam'),
 (16,1,'Doda'),
 (17,1,'Ramban'),
 (18,1,'Kishtwar'),
 (19,1,'Udhampur'),
 (20,1,'Reasi'),
 (21,1,'Jammu'),
 (22,1,'Samba'),
 (23,2,'Chamba'),
 (24,2,'Kangra'),
 (25,2,'Lahul & Spiti'),
 (26,2,'Kullu'),
 (27,2,'Mandi'),
 (28,2,'Hamirpur'),
 (29,2,'Una'),
 (30,2,'Bilaspur'),
 (31,2,'Solan'),
 (32,2,'Sirmaur'),
 (33,2,'Shimla'),
 (34,2,'Kinnaur'),
 (35,3,'Gurdaspur'),
 (36,3,'Kapurthala'),
 (37,3,'Jalandhar'),
 (38,3,'Hoshiarpur'),
 (39,3,'Shahid Bhagat Singh Nagar'),
 (40,3,'Fatehgarh Sahib'),
 (41,3,'Ludhiana'),
 (42,3,'Moga'),
 (43,3,'Firozpur'),
 (44,3,'Muktsar'),
 (45,3,'Faridkot'),
 (46,3,'Bathinda'),
 (47,3,'Mansa'),
 (48,3,'Patiala'),
 (49,3,'Amritsar'),
 (50,3,'Tarn Taran'),
 (51,3,'Rupnagar'),
 (52,3,'Sahibzada Ajit Singh Naga'),
 (53,3,'Sangrur'),
 (54,3,'Barnala'),
 (55,4,'Chandigarh'),
 (56,5,'Uttarkashi'),
 (57,5,'Chamoli'),
 (58,5,'Rudraprayag'),
 (59,5,'Tehri Garhwal'),
 (60,5,'Dehradun'),
 (61,5,'Garhwal'),
 (62,5,'Pithoragarh'),
 (63,5,'Bageshwar'),
 (64,5,'Almora'),
 (65,5,'Champawat'),
 (66,5,'Nainital'),
 (67,5,'Udham Singh Nagar'),
 (68,5,'Hardwar'),
 (69,6,'Panchkula'),
 (70,6,'Ambala'),
 (71,6,'Yamunanagar'),
 (72,6,'Kurukshetra'),
 (73,6,'Kaithal'),
 (74,6,'Karnal'),
 (75,6,'Panipat'),
 (76,6,'Sonipat'),
 (77,6,'Jind'),
 (78,6,'Fatehabad'),
 (79,6,'Sirsa'),
 (80,6,'Hisar'),
 (81,6,'Bhiwani'),
 (82,6,'Rohtak'),
 (83,6,'Jhajjar'),
 (84,6,'Mahendragarh'),
 (85,6,'Rewari'),
 (86,6,'Gurgaon'),
 (87,6,'Mewat'),
 (88,6,'Faridabad'),
 (89,6,'Palwal'),
 (90,7,'North West'),
 (91,7,'North'),
 (92,7,'North East'),
 (93,7,'East'),
 (94,7,'New Delhi'),
 (95,7,'Central'),
 (96,7,'West'),
 (97,7,'South West'),
 (98,7,'South'),
 (99,8,'Ganganagar'),
 (100,8,'Hanumangarh'),
 (101,8,'Bikaner'),
 (102,8,'Churu'),
 (103,8,'Jhunjhunun'),
 (104,8,'Alwar'),
 (105,8,'Bharatpur'),
 (106,8,'Dhaulpur'),
 (107,8,'Karauli'),
 (108,8,'Sawai Madhopur'),
 (109,8,'Dausa'),
 (110,8,'Jaipur'),
 (111,8,'Sikar'),
 (112,8,'Nagaur'),
 (113,8,'Jodhpur'),
 (114,8,'Jaisalmer'),
 (115,8,'Barmer'),
 (116,8,'Jalor'),
 (117,8,'Sirohi'),
 (118,8,'Pali'),
 (119,8,'Ajmer'),
 (120,8,'Tonk'),
 (121,8,'Bundi'),
 (122,8,'Bhilwara'),
 (123,8,'Rajsamand'),
 (124,8,'Dungarpur'),
 (125,8,'Banswara'),
 (126,8,'Chittaurgarh'),
 (127,8,'Kota'),
 (128,8,'Baran'),
 (129,8,'Jhalawar'),
 (130,8,'Udaipur'),
 (131,8,'Pratapgarh'),
 (132,9,'Saharanpur'),
 (133,9,'Muzaffarnagar'),
 (134,9,'Bijnor'),
 (135,9,'Moradabad'),
 (136,9,'Rampur'),
 (137,9,'Jyotiba Phule Nagar'),
 (138,9,'Meerut'),
 (139,9,'Baghpat'),
 (140,9,'Ghaziabad'),
 (141,9,'Gautam Buddha Nagar'),
 (142,9,'Bulandshahr'),
 (143,9,'Aligarh'),
 (144,9,'Mahamaya Nagar'),
 (145,9,'Mathura'),
 (146,9,'Agra'),
 (147,9,'Firozabad'),
 (148,9,'Mainpuri'),
 (149,9,'Budaun'),
 (150,9,'Bareilly'),
 (151,9,'Pilibhit'),
 (152,9,'Shahjahanpur'),
 (153,9,'Kheri'),
 (154,9,'Sitapur'),
 (155,9,'Hardoi'),
 (156,9,'Unnao'),
 (157,9,'Lucknow'),
 (158,9,'Rae Bareli'),
 (159,9,'Farrukhabad'),
 (160,9,'Kannauj'),
 (161,9,'Etawah'),
 (162,9,'Auraiya'),
 (163,9,'Kanpur Dehat'),
 (164,9,'Kanpur Nagar'),
 (165,9,'Jalaun'),
 (166,9,'Jhansi'),
 (167,9,'Lalitpur'),
 (168,9,'Hamirpur'),
 (169,9,'Mahoba'),
 (170,9,'Banda'),
 (171,9,'Chitrakoot'),
 (172,9,'Fatehpur'),
 (173,9,'Pratapgarh'),
 (174,9,'Kaushambi'),
 (175,9,'Allahabad'),
 (176,9,'Bara Banki'),
 (177,9,'Faizabad'),
 (178,9,'Ambedkar Nagar'),
 (179,9,'Sultanpur'),
 (180,9,'Bahraich'),
 (181,9,'Shrawasti'),
 (182,9,'Balrampur'),
 (183,9,'Gonda'),
 (184,9,'Siddharthnagar'),
 (185,9,'Basti'),
 (186,9,'Sant Kabir Nagar'),
 (187,9,'Mahrajganj'),
 (188,9,'Gorakhpur'),
 (189,9,'Kushinagar'),
 (190,9,'Deoria'),
 (191,9,'Azamgarh'),
 (192,9,'Mau'),
 (193,9,'Ballia'),
 (194,9,'Jaunpur'),
 (195,9,'Ghazipur'),
 (196,9,'Chandauli'),
 (197,9,'Varanasi'),
 (198,9,'Sant Ravidas Nagar (Bhado'),
 (199,9,'Mirzapur'),
 (200,9,'Sonbhadra'),
 (201,9,'Etah'),
 (202,9,'Kanshiram Nagar'),
 (203,10,'Pashchim Champaran'),
 (204,10,'Purba Champaran'),
 (205,10,'Sheohar'),
 (206,10,'Sitamarhi'),
 (207,10,'Madhubani'),
 (208,10,'Supaul'),
 (209,10,'Araria'),
 (210,10,'Kishanganj'),
 (211,10,'Purnia'),
 (212,10,'Katihar'),
 (213,10,'Madhepura'),
 (214,10,'Saharsa'),
 (215,10,'Darbhanga'),
 (216,10,'Muzaffarpur'),
 (217,10,'Gopalganj'),
 (218,10,'Siwan'),
 (219,10,'Saran'),
 (220,10,'Vaishali'),
 (221,10,'Samastipur'),
 (222,10,'Begusarai'),
 (223,10,'Khagaria'),
 (224,10,'Bhagalpur'),
 (225,10,'Banka'),
 (226,10,'Munger'),
 (227,10,'Lakhisarai'),
 (228,10,'Sheikhpura'),
 (229,10,'Nalanda'),
 (230,10,'Patna'),
 (231,10,'Bhojpur'),
 (232,10,'Buxar'),
 (233,10,'Kaimur (Bhabua)'),
 (234,10,'Rohtas'),
 (235,10,'Aurangabad'),
 (236,10,'Gaya'),
 (237,10,'Nawada'),
 (238,10,'Jamui'),
 (239,10,'Jehanabad'),
 (240,10,'Arwal'),
 (241,11,'North  District'),
 (242,11,'West District'),
 (243,11,'South District'),
 (244,11,'East District'),
 (245,12,'Tawang'),
 (246,12,'West Kameng'),
 (247,12,'East Kameng'),
 (248,12,'Papum Pare'),
 (249,12,'Upper Subansiri'),
 (250,12,'West Siang'),
 (251,12,'East Siang'),
 (252,12,'Upper Siang'),
 (253,12,'Changlang'),
 (254,12,'Tirap'),
 (255,12,'Lower Subansiri'),
 (256,12,'Kurung Kumey'),
 (257,12,'Dibang Valley'),
 (258,12,'Lower Dibang Valley'),
 (259,12,'Lohit'),
 (260,12,'Anjaw'),
 (261,13,'Mon'),
 (262,13,'Mokokchung'),
 (263,13,'Zunheboto'),
 (264,13,'Wokha'),
 (265,13,'Dimapur'),
 (266,13,'Phek'),
 (267,13,'Tuensang'),
 (268,13,'Longleng'),
 (269,13,'Kiphire'),
 (270,13,'Kohima'),
 (271,13,'Peren'),
 (272,14,'Senapati'),
 (273,14,'Tamenglong'),
 (274,14,'Churachandpur'),
 (275,14,'Bishnupur'),
 (276,14,'Thoubal'),
 (277,14,'Imphal West'),
 (278,14,'Imphal East'),
 (279,14,'Ukhrul'),
 (280,14,'Chandel'),
 (281,15,'Mamit'),
 (282,15,'Kolasib'),
 (283,15,'Aizawl'),
 (284,15,'Champhai'),
 (285,15,'Serchhip'),
 (286,15,'Lunglei'),
 (287,15,'Lawngtlai'),
 (288,15,'Saiha'),
 (289,16,'West Tripura'),
 (290,16,'South Tripura'),
 (291,16,'Dhalai'),
 (292,16,'North Tripura'),
 (293,17,'West Garo Hills'),
 (294,17,'East Garo Hills'),
 (295,17,'South Garo Hills'),
 (296,17,'West Khasi Hills'),
 (297,17,'Ribhoi'),
 (298,17,'East Khasi Hills'),
 (299,17,'Jaintia Hills'),
 (300,18,'Kokrajhar'),
 (301,18,'Dhubri'),
 (302,18,'Goalpara'),
 (303,18,'Barpeta'),
 (304,18,'Morigaon'),
 (305,18,'Nagaon'),
 (306,18,'Sonitpur'),
 (307,18,'Lakhimpur'),
 (308,18,'Dhemaji'),
 (309,18,'Tinsukia'),
 (310,18,'Dibrugarh'),
 (311,18,'Sivasagar'),
 (312,18,'Jorhat'),
 (313,18,'Golaghat'),
 (314,18,'Karbi Anglong'),
 (315,18,'Dima Hasao'),
 (316,18,'Cachar'),
 (317,18,'Karimganj'),
 (318,18,'Hailakandi'),
 (319,18,'Bongaigaon'),
 (320,18,'Chirang'),
 (321,18,'Kamrup'),
 (322,18,'Kamrup Metropolitan'),
 (323,18,'Nalbari'),
 (324,18,'Baksa'),
 (325,18,'Darrang'),
 (326,18,'Udalguri'),
 (327,19,'Darjiling'),
 (328,19,'Jalpaiguri'),
 (329,19,'Koch Bihar'),
 (330,19,'Uttar Dinajpur'),
 (331,19,'Dakshin Dinajpur'),
 (332,19,'Maldah'),
 (333,19,'Murshidabad'),
 (334,19,'Birbhum'),
 (335,19,'Barddhaman'),
 (336,19,'Nadia'),
 (337,19,'North Twenty Four Pargana'),
 (338,19,'Hugli'),
 (339,19,'Bankura'),
 (340,19,'Puruliya'),
 (341,19,'Haora'),
 (342,19,'Kolkata'),
 (343,19,'South Twenty Four Pargana'),
 (344,19,'Paschim Medinipur'),
 (345,19,'Purba Medinipur'),
 (346,20,'Garhwa'),
 (347,20,'Chatra'),
 (348,20,'Kodarma'),
 (349,20,'Giridih'),
 (350,20,'Deoghar'),
 (351,20,'Godda'),
 (352,20,'Sahibganj'),
 (353,20,'Pakur'),
 (354,20,'Dhanbad'),
 (355,20,'Bokaro'),
 (356,20,'Lohardaga'),
 (357,20,'Purbi Singhbhum'),
 (358,20,'Palamu'),
 (359,20,'Latehar'),
 (360,20,'Hazaribagh'),
 (361,20,'Ramgarh'),
 (362,20,'Dumka'),
 (363,20,'Jamtara'),
 (364,20,'Ranchi'),
 (365,20,'Khunti'),
 (366,20,'Gumla'),
 (367,20,'Simdega'),
 (368,20,'Pashchimi Singhbhum'),
 (369,20,'Saraikela-Kharsawan'),
 (370,21,'Bargarh'),
 (371,21,'Jharsuguda'),
 (372,21,'Sambalpur'),
 (373,21,'Debagarh'),
 (374,21,'Sundargarh'),
 (375,21,'Kendujhar'),
 (376,21,'Mayurbhanj'),
 (377,21,'Baleshwar'),
 (378,21,'Bhadrak'),
 (379,21,'Kendrapara'),
 (380,21,'Jagatsinghapur'),
 (381,21,'Cuttack'),
 (382,21,'Jajapur'),
 (383,21,'Dhenkanal'),
 (384,21,'Anugul'),
 (385,21,'Nayagarh'),
 (386,21,'Khordha'),
 (387,21,'Puri'),
 (388,21,'Ganjam'),
 (389,21,'Gajapati'),
 (390,21,'Kandhamal'),
 (391,21,'Baudh'),
 (392,21,'Subarnapur'),
 (393,21,'Balangir'),
 (394,21,'Nuapada'),
 (395,21,'Kalahandi'),
 (396,21,'Rayagada'),
 (397,21,'Nabarangapur'),
 (398,21,'Koraput'),
 (399,21,'Malkangiri'),
 (400,22,'Koriya'),
 (401,22,'Surguja'),
 (402,22,'Jashpur'),
 (403,22,'Raigarh'),
 (404,22,'Korba'),
 (405,22,'Janjgir - Champa'),
 (406,22,'Bilaspur'),
 (407,22,'Kabeerdham'),
 (408,22,'Rajnandgaon'),
 (409,22,'Durg'),
 (410,22,'Raipur'),
 (411,22,'Mahasamund'),
 (412,22,'Dhamtari'),
 (413,22,'Uttar Bastar Kanker'),
 (414,22,'Bastar'),
 (415,22,'Narayanpur'),
 (416,22,'Dakshin Bastar Dantewada'),
 (417,22,'Bijapur'),
 (418,23,'Sheopur'),
 (419,23,'Morena'),
 (420,23,'Bhind'),
 (421,23,'Gwalior'),
 (422,23,'Datia'),
 (423,23,'Shivpuri'),
 (424,23,'Tikamgarh'),
 (425,23,'Chhatarpur'),
 (426,23,'Panna'),
 (427,23,'Sagar'),
 (428,23,'Damoh'),
 (429,23,'Satna'),
 (430,23,'Rewa'),
 (431,23,'Umaria'),
 (432,23,'Neemuch'),
 (433,23,'Mandsaur'),
 (434,23,'Ratlam'),
 (435,23,'Ujjain'),
 (436,23,'Shajapur'),
 (437,23,'Dewas'),
 (438,23,'Dhar'),
 (439,23,'Indore'),
 (440,23,'Khargone (West Nimar)'),
 (441,23,'Barwani'),
 (442,23,'Rajgarh'),
 (443,23,'Vidisha'),
 (444,23,'Bhopal'),
 (445,23,'Sehore'),
 (446,23,'Raisen'),
 (447,23,'Betul'),
 (448,23,'Harda'),
 (449,23,'Hoshangabad'),
 (450,23,'Katni'),
 (451,23,'Jabalpur'),
 (452,23,'Narsimhapur'),
 (453,23,'Dindori'),
 (454,23,'Mandla'),
 (455,23,'Chhindwara'),
 (456,23,'Seoni'),
 (457,23,'Balaghat'),
 (458,23,'Guna'),
 (459,23,'Ashoknagar'),
 (460,23,'Shahdol'),
 (461,23,'Anuppur'),
 (462,23,'Sidhi'),
 (463,23,'Singrauli'),
 (464,23,'Jhabua'),
 (465,23,'Alirajpur'),
 (466,23,'Khandwa (East Nimar)'),
 (467,23,'Burhanpur'),
 (468,24,'Kachchh'),
 (469,24,'Banas Kantha'),
 (470,24,'Patan'),
 (471,24,'Mahesana'),
 (472,24,'Sabar Kantha'),
 (473,24,'Gandhinagar'),
 (474,24,'Ahmadabad'),
 (475,24,'Surendranagar'),
 (476,24,'Rajkot'),
 (477,24,'Jamnagar'),
 (478,24,'Porbandar'),
 (479,24,'Junagadh'),
 (480,24,'Amreli'),
 (481,24,'Bhavnagar'),
 (482,24,'Anand'),
 (483,24,'Kheda'),
 (484,24,'Panch Mahals'),
 (485,24,'Dohad'),
 (486,24,'Vadodara'),
 (487,24,'Narmada'),
 (488,24,'Bharuch'),
 (489,24,'The Dangs'),
 (490,24,'Navsari'),
 (491,24,'Valsad'),
 (492,24,'Surat'),
 (493,24,'Tapi'),
 (494,25,'Diu'),
 (495,25,'Daman'),
 (496,26,'Dadra & Nagar Haveli'),
 (497,27,'Nandurbar'),
 (498,27,'Dhule'),
 (499,27,'Jalgaon'),
 (500,27,'Buldana'),
 (501,27,'Akola'),
 (502,27,'Washim'),
 (503,27,'Amravati'),
 (504,27,'Wardha'),
 (505,27,'Nagpur'),
 (506,27,'Bhandara'),
 (507,27,'Gondiya'),
 (508,27,'Gadchiroli'),
 (509,27,'Chandrapur'),
 (510,27,'Yavatmal'),
 (511,27,'Nanded'),
 (512,27,'Hingoli'),
 (513,27,'Parbhani'),
 (514,27,'Jalna'),
 (515,27,'Aurangabad'),
 (516,27,'Nashik'),
 (517,27,'Thane'),
 (518,27,'Mumbai Suburban'),
 (519,27,'Mumbai'),
 (520,27,'Raigarh'),
 (521,27,'Pune'),
 (522,27,'Ahmadnagar'),
 (523,27,'Bid'),
 (524,27,'Latur'),
 (525,27,'Osmanabad'),
 (526,27,'Solapur'),
 (527,27,'Satara'),
 (528,27,'Ratnagiri'),
 (529,27,'Sindhudurg'),
 (530,27,'Kolhapur'),
 (531,27,'Sangli'),
 (532,28,'Adilabad'),
 (533,28,'Nizamabad'),
 (534,28,'Karimnagar'),
 (535,28,'Medak'),
 (536,28,'Hyderabad'),
 (537,28,'Rangareddy'),
 (538,28,'Mahbubnagar'),
 (539,28,'Nalgonda'),
 (540,28,'Warangal'),
 (541,28,'Khammam'),
 (542,28,'Srikakulam'),
 (543,28,'Vizianagaram'),
 (544,28,'Visakhapatnam'),
 (545,28,'East Godavari'),
 (546,28,'West Godavari'),
 (547,28,'Krishna'),
 (548,28,'Guntur'),
 (549,28,'Prakasam'),
 (550,28,'Sri Potti Sriramulu Nello'),
 (551,28,'Y.S.R.'),
 (552,28,'Kurnool'),
 (553,28,'Anantapur'),
 (554,28,'Chittoor'),
 (555,29,'Belgaum'),
 (556,29,'Bagalkot'),
 (557,29,'Bijapur'),
 (558,29,'Bidar'),
 (559,29,'Raichur'),
 (560,29,'Koppal'),
 (561,29,'Gadag'),
 (562,29,'Dharwad'),
 (563,29,'Uttara Kannada'),
 (564,29,'Haveri'),
 (565,29,'Bellary'),
 (566,29,'Chitradurga'),
 (567,29,'Davanagere'),
 (568,29,'Shimoga'),
 (569,29,'Udupi'),
 (570,29,'Chikmagalur'),
 (571,29,'Tumkur'),
 (572,29,'Bangalore'),
 (573,29,'Mandya'),
 (574,29,'Hassan'),
 (575,29,'Dakshina Kannada'),
 (576,29,'Kodagu'),
 (577,29,'Mysore'),
 (578,29,'Chamarajanagar'),
 (579,29,'Gulbarga'),
 (580,29,'Yadgir'),
 (581,29,'Kolar'),
 (582,29,'Chikkaballapura'),
 (583,29,'Bangalore Rural'),
 (584,29,'Ramanagara'),
 (585,30,'North Goa'),
 (586,30,'South Goa'),
 (587,31,'Lakshadweep'),
 (588,32,'Kasaragod'),
 (589,32,'Kannur'),
 (590,32,'Wayanad'),
 (591,32,'Kozhikode'),
 (592,32,'Malappuram'),
 (593,32,'Palakkad'),
 (594,32,'Thrissur'),
 (595,32,'Ernakulam'),
 (596,32,'Idukki'),
 (597,32,'Kottayam'),
 (598,32,'Alappuzha'),
 (599,32,'Pathanamthitta'),
 (600,32,'Kollam'),
 (601,32,'Thiruvananthapuram'),
 (602,33,'Thiruvallur'),
 (603,33,'Chennai'),
 (604,33,'Kancheepuram'),
 (605,33,'Vellore'),
 (606,33,'Tiruvannamalai'),
 (607,33,'Viluppuram'),
 (608,33,'Salem'),
 (609,33,'Namakkal'),
 (610,33,'Erode'),
 (611,33,'The Nilgiris'),
 (612,33,'Dindigul'),
 (613,33,'Karur'),
 (614,33,'Tiruchirappalli'),
 (615,33,'Perambalur'),
 (616,33,'Ariyalur'),
 (617,33,'Cuddalore'),
 (618,33,'Nagapattinam'),
 (619,33,'Thiruvarur'),
 (620,33,'Thanjavur'),
 (621,33,'Pudukkottai'),
 (622,33,'Sivaganga'),
 (623,33,'Madurai'),
 (624,33,'Theni'),
 (625,33,'Virudhunagar'),
 (626,33,'Ramanathapuram'),
 (627,33,'Thoothukkudi'),
 (628,33,'Tirunelveli'),
 (629,33,'Kanniyakumari'),
 (630,33,'Dharmapuri'),
 (631,33,'Krishnagiri'),
 (632,33,'Coimbatore'),
 (633,33,'Tiruppur'),
 (634,34,'Yanam'),
 (635,34,'Puducherry'),
 (636,34,'Mahe'),
 (637,34,'Karaikal'),
 (638,35,'Nicobars'),
 (639,35,'North  & Middle Andaman'),
 (640,35,'South Andaman');
/*!40000 ALTER TABLE `district_master` ENABLE KEYS */;


--
-- Definition of table `role_master`
--

DROP TABLE IF EXISTS `role_master`;
CREATE TABLE `role_master` (
  `role_id` int(10) unsigned NOT NULL AUTO_INCREMENT,
  `role_type` enum('admin','user','peo','turker') NOT NULL DEFAULT 'user',
  `role_description` text,
  PRIMARY KEY (`role_id`)
) ENGINE=InnoDB AUTO_INCREMENT=5 DEFAULT CHARSET=latin1;

--
-- Dumping data for table `role_master`
--

/*!40000 ALTER TABLE `role_master` DISABLE KEYS */;
INSERT INTO `role_master` (`role_id`,`role_type`,`role_description`) VALUES 
 (1,'admin','To administer the software'),
 (2,'peo','To do surveys'),
 (3,'user','To do surveys'),
 (4,'turker','To verify data');
/*!40000 ALTER TABLE `role_master` ENABLE KEYS */;


--
-- Definition of table `state_master`
--

DROP TABLE IF EXISTS `state_master`;
CREATE TABLE `state_master` (
  `state_id` int(10) unsigned NOT NULL AUTO_INCREMENT,
  `state_name` varchar(100) NOT NULL,
  PRIMARY KEY (`state_id`)
) ENGINE=InnoDB AUTO_INCREMENT=36 DEFAULT CHARSET=latin1;

--
-- Dumping data for table `state_master`
--

/*!40000 ALTER TABLE `state_master` DISABLE KEYS */;
INSERT INTO `state_master` (`state_id`,`state_name`) VALUES 
 (1,'JAMMU & KASHMIR'),
 (2,'HIMACHAL PRADESH'),
 (3,'PUNJAB'),
 (4,'CHANDIGARH'),
 (5,'UTTARAKHAND'),
 (6,'HARYANA'),
 (7,'NCT OF DELHI'),
 (8,'RAJASTHAN'),
 (9,'UTTAR PRADESH'),
 (10,'BIHAR'),
 (11,'SIKKIM'),
 (12,'ARUNACHAL PRADESH'),
 (13,'NAGALAND'),
 (14,'MANIPUR'),
 (15,'MIZORAM'),
 (16,'TRIPURA'),
 (17,'MEGHALAYA'),
 (18,'ASSAM'),
 (19,'WEST BENGAL'),
 (20,'JHARKHAND'),
 (21,'ODISHA'),
 (22,'CHHATTISGARH'),
 (23,'MADHYA PRADESH'),
 (24,'GUJARAT'),
 (25,'DAMAN & DIU'),
 (26,'DADRA & NAGAR HAVELI'),
 (27,'MAHARASHTRA'),
 (28,'ANDHRA PRADESH'),
 (29,'KARNATAKA'),
 (30,'GOA'),
 (31,'LAKSHADWEEP'),
 (32,'KERALA'),
 (33,'TAMIL NADU'),
 (34,'PUDUCHERRY'),
 (35,'ANDAMAN & NICOBAR ISLANDS');
/*!40000 ALTER TABLE `state_master` ENABLE KEYS */;


--
-- Definition of table `survey`
--

DROP TABLE IF EXISTS `survey`;
CREATE TABLE `survey` (
  `survey_id` int(10) unsigned NOT NULL AUTO_INCREMENT,
  `survey_name` varchar(100) NOT NULL,
  `survey_description` text NOT NULL,
  `type_of_survey` enum('user','peo') NOT NULL DEFAULT 'user',
  `survey_created` datetime NOT NULL,
  `survey_end` datetime NOT NULL,
  `is_active` enum('y','n') NOT NULL DEFAULT 'y',
  `is_deleted` enum('y','n') NOT NULL DEFAULT 'n',
  PRIMARY KEY (`survey_id`)
) ENGINE=InnoDB DEFAULT CHARSET=latin1;

--
-- Dumping data for table `survey`
--

/*!40000 ALTER TABLE `survey` DISABLE KEYS */;
/*!40000 ALTER TABLE `survey` ENABLE KEYS */;


--
-- Definition of table `survey_fields`
--

DROP TABLE IF EXISTS `survey_fields`;
CREATE TABLE `survey_fields` (
  `survey_id` int(10) unsigned NOT NULL,
  `question_title` text NOT NULL,
  `question_type` enum('number','radio','checkbox','file','text') NOT NULL,
  `options` text,
  `question_id` int(10) unsigned NOT NULL AUTO_INCREMENT,
  PRIMARY KEY (`question_id`),
  KEY `FK_survey_fields_1` (`survey_id`),
  CONSTRAINT `FK_survey_fields_1` FOREIGN KEY (`survey_id`) REFERENCES `survey` (`survey_id`)
) ENGINE=InnoDB DEFAULT CHARSET=latin1;

--
-- Dumping data for table `survey_fields`
--

/*!40000 ALTER TABLE `survey_fields` DISABLE KEYS */;
/*!40000 ALTER TABLE `survey_fields` ENABLE KEYS */;


--
-- Definition of table `survey_responses`
--

DROP TABLE IF EXISTS `survey_responses`;
CREATE TABLE `survey_responses` (
  `response_id` int(10) unsigned NOT NULL AUTO_INCREMENT,
  `user_id` int(10) unsigned NOT NULL,
  `survey_id` int(10) unsigned NOT NULL,
  `question_id` int(10) unsigned NOT NULL,
  `response` text NOT NULL,
  PRIMARY KEY (`response_id`),
  KEY `FK_survey_responses_1` (`user_id`),
  KEY `FK_survey_responses_2` (`survey_id`),
  KEY `FK_survey_responses_3` (`question_id`),
  CONSTRAINT `FK_survey_responses_1` FOREIGN KEY (`user_id`) REFERENCES `user` (`user_id`),
  CONSTRAINT `FK_survey_responses_2` FOREIGN KEY (`survey_id`) REFERENCES `survey` (`survey_id`),
  CONSTRAINT `FK_survey_responses_3` FOREIGN KEY (`question_id`) REFERENCES `survey_fields` (`question_id`)
) ENGINE=InnoDB DEFAULT CHARSET=latin1;

--
-- Dumping data for table `survey_responses`
--

/*!40000 ALTER TABLE `survey_responses` DISABLE KEYS */;
/*!40000 ALTER TABLE `survey_responses` ENABLE KEYS */;


--
-- Definition of table `user`
--

DROP TABLE IF EXISTS `user`;
CREATE TABLE `user` (
  `user_id` int(10) unsigned NOT NULL AUTO_INCREMENT,
  `user_email` varchar(100) NOT NULL,
  `user_name` varchar(100) NOT NULL,
  `user_dob` date NOT NULL DEFAULT '1991-01-01',
  `state_id` int(10) unsigned NOT NULL,
  `district_id` int(10) unsigned zerofill NOT NULL,
  `user_password` varchar(20) NOT NULL,
  `role_id` int(10) unsigned NOT NULL,
  PRIMARY KEY (`user_id`),
  KEY `FK_user_1` (`role_id`),
  CONSTRAINT `FK_user_1` FOREIGN KEY (`role_id`) REFERENCES `role_master` (`role_id`)
) ENGINE=InnoDB AUTO_INCREMENT=3 DEFAULT CHARSET=latin1;

--
-- Dumping data for table `user`
--

/*!40000 ALTER TABLE `user` DISABLE KEYS */;
INSERT INTO `user` (`user_id`,`user_email`,`user_name`,`user_dob`,`state_id`,`district_id`,`user_password`,`role_id`) VALUES 
 (1,'admin@tcs.com','Arjit Srivastava','1991-01-01',1,0000000001,'tcs#1234',1),
 (2,'turker@tcs.com','Truker','1991-01-01',1,0000000001,'tcs#1234',4);
/*!40000 ALTER TABLE `user` ENABLE KEYS */;




/*!40101 SET SQL_MODE=@OLD_SQL_MODE */;
/*!40014 SET FOREIGN_KEY_CHECKS=@OLD_FOREIGN_KEY_CHECKS */;
/*!40014 SET UNIQUE_CHECKS=@OLD_UNIQUE_CHECKS */;
/*!40101 SET CHARACTER_SET_CLIENT=@OLD_CHARACTER_SET_CLIENT */;
/*!40101 SET CHARACTER_SET_RESULTS=@OLD_CHARACTER_SET_RESULTS */;
/*!40101 SET COLLATION_CONNECTION=@OLD_COLLATION_CONNECTION */;
/*!40101 SET CHARACTER_SET_CLIENT=@OLD_CHARACTER_SET_CLIENT */;
